{
    "atributies": [
        {
            "id": "1",
            "image": "image/Group 33.png",
            "title": " خرید و فروش امن ",
            "desc": "برخی از ویژگی هایی که شماکه شما باید صرافی آنلاین دیجیکس 24 را برای خرید و فروش انتخاب کنید !"
        },
        {
            "id": "2",
            "image": "image/Group 16.png",
            "title": "  تسویه آنی ",
            "desc": "برخی از ویژگی هایی که شماکه شما باید صرافی آنلاین دیجیکس 24 را برای خرید و فروش انتخاب کنید !"
        },
        {
            "id": "3",
            "image": "image/Group 35.png",
            "title": " کسب درآمد ثابت ",
            "desc": "برخی از ویژگی هایی که شماکه شما باید صرافی آنلاین دیجیکس 24 را برای خرید و فروش انتخاب کنید !"
        },
        {
            "id": "4",
            "image": "image/Group 14.png",
            "title": " احراز هویت 10 دقیقه ای ",
            "desc": "برخی از ویژگی هایی که شماکه شما باید صرافی آنلاین دیجیکس 24 را برای خرید و فروش انتخاب کنید !"
        },
        {
            "id": "5",
            "image": "image/Group.png",
            "title": " انتقال با کارمزد از صرافی خارجی ",
            "desc": "برخی از ویژگی هایی که شماکه شما باید صرافی آنلاین دیجیکس 24 را برای خرید و فروش انتخاب کنید !"
        },
        {
            "id": "6",
            "image": "image/Group 36.png",
            "title": "پشتیبانی 24 ساعته 7 روزه ",
            "desc": "برخی از ویژگی هایی که شماکه شما باید صرافی آنلاین دیجیکس 24 را برای خرید و فروش انتخاب کنید !"
        }
       
        
    ]
}